loan_amnt,annual_inc,dti,emp_length,credit_score,purpose,term,default
16795,69840,14.841550519384107,1,738,home_improvement,36 months,1
1860,122547,39.505982549442315,2,594,major_purchase,36 months,0
39158,72853,1.6043676564992992,10,518,small_business,60 months,0
12284,44917,34.681259844897944,9,794,major_purchase,60 months,1
7265,116731,23.147016342895736,1,529,debt_consolidation,36 months,0
17850,41566,17.54461676758362,2,319,major_purchase,36 months,1
38194,95452,29.01030641660546,5,447,credit_card,60 months,0
22962,82823,19.466757656988115,8,407,credit_card,60 months,0
17023,141392,34.93692952326642,8,702,small_business,60 months,1
2685,40806,36.02807456045034,6,782,major_purchase,60 months,0
1769,95520,16.868837074938217,2,666,small_business,60 months,0
3433,21759,11.073111889402064,3,713,home_improvement,36 months,0
6311,146092,23.694013143734487,5,608,credit_card,60 months,1
38819,61949,36.49453382466764,10,433,small_business,60 months,0
18568,112374,8.426487560226663,4,582,home_improvement,60 months,0
20769,22482,24.91866334253931,1,372,small_business,36 months,0
29693,44442,25.262408803700822,5,780,major_purchase,36 months,0
7396,53719,29.32452089661124,2,651,major_purchase,36 months,0
28480,78066,5.262707405090392,7,625,major_purchase,36 months,0
26658,113501,28.63299858728354,1,742,major_purchase,36 months,0
19942,22079,36.36130082662564,0,399,debt_consolidation,36 months,0
19431,22717,7.187324354809679,8,358,home_improvement,60 months,0
3747,79676,9.501732996955106,2,807,home_improvement,36 months,0
1189,47952,38.855803761665584,10,557,major_purchase,36 months,0
20118,106444,7.239078108379591,0,712,debt_consolidation,60 months,1
36773,62460,34.17540373478317,6,751,major_purchase,36 months,0
2899,110397,19.69111425792139,9,364,debt_consolidation,60 months,0
2267,92847,9.889242976127083,4,453,major_purchase,60 months,0
32551,113607,34.829996050900455,4,565,credit_card,36 months,0
12394,109106,17.81221020010662,0,378,credit_card,60 months,0
4556,38449,20.59269415718761,8,614,small_business,60 months,0
4890,53536,14.369334775990627,6,547,major_purchase,60 months,0
31740,84077,23.718034057397098,7,713,home_improvement,60 months,1
15502,58258,6.540954903400911,8,324,small_business,36 months,0
22777,68302,15.643261466070427,5,583,credit_card,60 months,0
11627,145937,38.7764928934115,4,748,major_purchase,36 months,0
9792,48865,10.325337308045102,5,600,small_business,60 months,1
9433,26645,26.269466581651688,10,367,major_purchase,60 months,0
12016,139771,13.007602568987796,1,306,credit_card,60 months,0
24897,58000,30.938925027464027,3,436,small_business,36 months,0
3612,46737,5.234946428733993,2,463,credit_card,36 months,0
24483,31485,38.79284180314179,6,382,debt_consolidation,36 months,0
18159,58565,18.15158165534557,8,719,credit_card,60 months,0
15541,45522,9.442018533858558,4,372,major_purchase,60 months,1
36920,139614,2.9398698932005063,5,536,home_improvement,60 months,1
27531,85155,6.79031620350163,9,345,credit_card,60 months,0
2585,75168,20.790957942240706,1,561,home_improvement,36 months,1
4943,72487,13.480127057251451,2,475,debt_consolidation,60 months,0
24939,149948,33.15533463530438,2,465,small_business,36 months,0
20457,32342,17.235500946472236,8,669,small_business,60 months,0
2021,60806,9.948570903505196,6,353,home_improvement,36 months,0
12653,68770,24.685799464161203,7,718,small_business,36 months,0
14417,98623,28.271088675417833,10,806,credit_card,60 months,0
10692,123177,6.681676316037994,9,640,home_improvement,60 months,0
7873,119785,6.7047686515327065,10,426,major_purchase,36 months,0
6675,95629,1.4668570773417189,8,708,credit_card,60 months,0
1161,140993,29.45608060262562,5,666,credit_card,60 months,0
38065,72603,26.552181104872204,3,570,credit_card,36 months,0
27557,146944,18.985235029992555,0,678,major_purchase,36 months,0
34763,132726,33.76681795876789,7,372,debt_consolidation,36 months,1
33606,101974,32.22680611800213,6,547,small_business,36 months,0
12534,125947,23.414174575870085,1,342,home_improvement,60 months,0
30127,46399,34.73085122053035,7,676,debt_consolidation,36 months,1
26851,148177,8.233648401470731,4,340,home_improvement,36 months,0
2016,105382,4.476784775909115,6,469,small_business,36 months,0
25253,101244,10.789984460679584,3,511,major_purchase,60 months,0
25276,129575,2.283474243572594,4,792,credit_card,36 months,0
24247,135520,21.24678112004128,7,338,credit_card,60 months,0
25300,130904,37.464227691798456,0,668,major_purchase,36 months,0
9529,96534,1.5737416267403859,0,450,debt_consolidation,36 months,0
18262,75106,4.884396560401072,3,410,debt_consolidation,60 months,0
10268,132599,18.087961131337412,2,779,home_improvement,36 months,0
22271,50678,37.3550007011162,9,735,major_purchase,36 months,0
13185,96218,12.64624419907002,1,346,debt_consolidation,60 months,0
22243,83230,20.289392347535696,2,665,major_purchase,36 months,0
9571,134684,1.6629143620156839,10,368,small_business,36 months,0
39044,94055,5.9337280384835545,10,598,credit_card,36 months,0
3568,76373,39.46520491835388,10,595,credit_card,36 months,0
3027,51480,38.60474785744182,0,502,credit_card,60 months,0
3695,105230,0.19759923737638463,0,360,major_purchase,36 months,0
6258,88836,38.07247141692956,5,613,major_purchase,60 months,0
23002,92258,25.564797512620014,4,460,home_improvement,36 months,0
34159,59986,34.716731780800885,7,630,credit_card,60 months,1
14986,44160,18.189594225354362,1,827,home_improvement,36 months,0
13666,105595,20.62384114317001,3,637,credit_card,60 months,0
39660,121358,19.55386321027681,7,603,home_improvement,36 months,1
4561,99111,26.674570301844174,5,802,home_improvement,60 months,0
27854,84929,5.586050190252516,0,637,small_business,60 months,0
39952,93506,1.198943594907118,3,849,home_improvement,36 months,0
23662,54911,12.317197663647637,0,574,major_purchase,60 months,0
9392,107127,28.18723050946587,1,463,home_improvement,36 months,0
31535,51821,8.074138084917934,4,742,credit_card,36 months,0
14067,95039,26.937297332996692,7,618,home_improvement,36 months,0
24599,80535,38.79648184429082,7,803,debt_consolidation,36 months,0
36222,133453,3.7560286315767355,10,686,credit_card,36 months,0
12837,104458,26.90408472900505,2,793,debt_consolidation,60 months,0
15039,32175,17.750008772182845,10,789,credit_card,36 months,0
31818,139235,34.72569017510021,3,372,major_purchase,36 months,0
20115,74771,7.085991577895436,9,808,major_purchase,36 months,0
11965,126660,27.70503808904658,10,689,major_purchase,36 months,1
25538,147157,33.52461158592441,5,594,debt_consolidation,36 months,0
6056,141300,37.78456877896093,10,668,small_business,36 months,0
33482,106925,27.329921131585834,10,848,credit_card,60 months,0
9110,133374,19.886990560337093,9,486,major_purchase,60 months,0
14773,86358,24.713889608048554,2,744,credit_card,36 months,0
28266,37327,34.756199379148725,1,662,debt_consolidation,60 months,0
18412,67057,22.824389865553186,5,422,small_business,36 months,0
34270,26150,1.2154823878734744,10,487,debt_consolidation,36 months,0
7910,24425,37.23794782027911,4,719,credit_card,36 months,0
26446,143654,27.581070041262446,9,551,small_business,36 months,0
1206,36032,27.06053543108986,4,848,small_business,36 months,1
22518,22198,8.627006095908687,9,634,debt_consolidation,60 months,0
23361,80500,26.355418809306286,4,391,major_purchase,60 months,0
24419,73394,15.75457622616634,9,829,credit_card,60 months,0
23403,40079,26.049319081659682,4,362,home_improvement,60 months,0
19141,56220,4.263721212319629,2,811,home_improvement,36 months,0
15820,61874,26.313812184121442,6,438,debt_consolidation,60 months,0
7374,33859,39.97654903082666,5,484,credit_card,36 months,0
2678,70460,1.9284815544222411,3,504,credit_card,60 months,0
34827,51419,39.08696736885269,1,513,debt_consolidation,60 months,0
17198,138865,16.276318428914823,8,555,credit_card,60 months,0
10914,28705,34.83013801349037,0,434,major_purchase,60 months,0
28890,62880,31.29541936233094,10,387,debt_consolidation,36 months,0
23299,149838,22.68065043946671,3,506,major_purchase,60 months,0
3693,43236,29.53796837005306,0,428,credit_card,60 months,0
30467,107955,35.14062245205392,5,302,debt_consolidation,36 months,0
30723,105514,16.165612866041318,3,420,credit_card,36 months,1
4627,123145,13.081326462529548,4,684,debt_consolidation,60 months,0
26939,35358,26.70373542254339,4,337,credit_card,36 months,0
22834,119713,32.31383767765034,8,640,major_purchase,36 months,0
19047,114914,30.49140539106463,0,320,major_purchase,36 months,0
27105,122870,31.91254595434538,1,541,credit_card,60 months,0
11230,96918,17.42333259251732,5,754,debt_consolidation,36 months,0
16707,139179,32.71336864700086,4,602,home_improvement,60 months,1
22976,136243,4.808362214824338,10,368,major_purchase,60 months,0
24776,34596,21.779563918433983,6,428,major_purchase,60 months,0
31080,53572,0.23034641992486282,2,495,home_improvement,60 months,0
2306,98757,12.983433196010811,2,439,credit_card,36 months,0
7776,21279,14.658461394855916,9,743,debt_consolidation,60 months,0
28251,83197,15.846907664370216,1,582,credit_card,36 months,0
10474,131496,27.81868826759449,2,611,small_business,60 months,1
22959,82516,15.542324050813829,9,834,major_purchase,36 months,0
6530,27083,17.947744904901228,0,576,small_business,60 months,0
30320,140674,9.5017652349731,4,360,major_purchase,36 months,0
4748,140307,14.930071665173603,4,618,major_purchase,60 months,0
32968,146457,9.090785090526058,10,351,small_business,60 months,0
33562,129397,2.9278369507377455,6,452,small_business,36 months,0
14545,37771,24.137943735255117,3,610,credit_card,60 months,0
1663,49975,26.72851194220065,2,843,small_business,60 months,0
35766,65648,24.77961384038458,0,688,credit_card,60 months,1
8994,145641,18.539761752022894,7,847,credit_card,36 months,1
29021,68285,15.191431207169192,2,476,credit_card,60 months,0
31303,39063,34.53334598287301,1,661,major_purchase,60 months,0
4304,87642,20.763271405448723,10,613,major_purchase,36 months,0
18675,110093,19.16727510518924,3,396,small_business,36 months,0
24938,134390,1.0256826322574275,2,512,major_purchase,36 months,0
24664,106143,13.649913105046254,0,436,small_business,36 months,0
2636,57599,15.207824751434282,2,305,major_purchase,36 months,0
21080,71920,15.95291123587602,1,408,debt_consolidation,60 months,0
28728,48529,23.206894769093292,7,846,debt_consolidation,60 months,0
27736,55954,21.34410186907514,5,338,small_business,60 months,0
29673,47856,24.316203711737785,8,724,major_purchase,36 months,0
38505,22573,30.59533046168513,7,560,major_purchase,60 months,0
1854,98344,32.51942954864374,9,725,credit_card,36 months,0
25548,55367,28.724923049059775,2,386,home_improvement,36 months,0
39623,122337,38.22094783819739,4,764,small_business,60 months,1
8392,126732,0.7293033070544652,6,375,home_improvement,36 months,0
22556,119608,7.831119427341844,4,770,home_improvement,36 months,0
39559,80774,0.3025149991256848,7,713,small_business,60 months,0
27309,43752,25.89898856618412,4,756,major_purchase,36 months,1
22919,75029,35.92122195799948,0,584,small_business,36 months,0
5931,37685,9.739291863051971,4,538,home_improvement,60 months,0
33970,71693,37.081381791852266,3,671,major_purchase,36 months,1
13688,136739,2.410695611582434,5,794,debt_consolidation,36 months,0
26342,75961,37.37744107222057,2,344,small_business,60 months,1
38157,126937,14.064907489585377,10,700,small_business,60 months,1
3327,144956,4.056833137968661,4,546,major_purchase,60 months,1
1197,96908,19.434870367453026,1,749,debt_consolidation,60 months,0
24509,145537,10.271062708820317,10,784,debt_consolidation,36 months,0
35698,146678,11.394916078476914,5,317,major_purchase,36 months,0
16087,94532,12.291598597051463,5,588,credit_card,60 months,0
23671,101994,32.121035913306535,4,713,small_business,36 months,0
26184,76133,21.566451067010178,5,534,small_business,36 months,0
28848,117425,12.452307966240145,10,715,home_improvement,60 months,0
21666,145055,24.413351332436733,6,798,major_purchase,60 months,0
16708,81268,28.646026968927742,4,414,home_improvement,36 months,0
27370,112201,10.90496002934135,0,533,home_improvement,60 months,0
3811,58243,16.54196406101406,7,839,debt_consolidation,60 months,0
7546,77384,4.875443733477902,3,310,small_business,60 months,0
35754,51653,7.245973981387213,8,505,home_improvement,36 months,0
31206,46657,27.24471415859931,9,546,debt_consolidation,60 months,0
12411,59952,7.257533907825078,5,426,major_purchase,36 months,0
3911,42180,21.006535346682405,0,446,home_improvement,36 months,0
2734,117432,28.36185046889731,2,417,small_business,36 months,0
19227,141829,4.2750769237897535,2,681,home_improvement,60 months,0
9680,148377,22.692488785156144,9,711,major_purchase,60 months,0
20360,98411,10.26251134805455,3,662,home_improvement,60 months,1
19343,21622,38.517075009503195,5,808,small_business,60 months,0
6759,68756,19.341825868796988,6,436,debt_consolidation,60 months,0
24078,60809,32.23970199100633,9,474,small_business,36 months,0
36153,36725,22.00906168625047,3,588,debt_consolidation,36 months,0
12111,81396,1.7365013141927665,5,780,credit_card,36 months,0
38504,71226,25.326055023760894,10,318,small_business,60 months,0
2802,126296,38.05613368826628,0,494,small_business,36 months,0
9155,101182,24.06447280585325,7,629,major_purchase,36 months,0
9120,102565,32.767554377071605,6,474,home_improvement,60 months,0
22918,49402,35.36825853393631,10,748,debt_consolidation,60 months,0
21445,24263,9.123190877957299,10,653,debt_consolidation,36 months,0
31306,143489,8.481793596329066,8,798,major_purchase,36 months,1
17646,116523,24.43923955403967,2,440,major_purchase,60 months,0
32065,66828,16.441138792268188,1,392,home_improvement,60 months,0
26199,140824,33.59445211466881,0,538,home_improvement,60 months,0
17371,67924,36.000924935920445,2,504,small_business,60 months,0
12835,94182,14.136855172108724,4,732,credit_card,36 months,0
3049,113065,9.474822358979281,10,544,home_improvement,36 months,0
32616,79052,31.221020609754472,1,616,major_purchase,60 months,0
39191,31664,10.992241421925444,2,594,home_improvement,36 months,0
21932,55737,32.90457274054714,3,581,debt_consolidation,36 months,0
30855,121332,16.94953014595051,6,316,credit_card,60 months,0
8158,109563,26.701995971658818,2,370,small_business,36 months,1
8400,49373,3.821412553386727,8,568,debt_consolidation,36 months,0
16151,137369,24.95437298706292,7,624,debt_consolidation,36 months,0
2154,56397,18.070707149489166,3,604,credit_card,60 months,0
5499,148575,23.464338527018963,0,750,small_business,60 months,0
7295,106145,6.720568309794537,0,306,major_purchase,36 months,1
13183,121371,29.474949797767284,0,613,small_business,60 months,0
30299,58709,34.51188310172914,0,402,home_improvement,60 months,0
13874,136074,8.669592003631026,7,492,debt_consolidation,60 months,0
33711,81120,3.828582220806469,2,828,home_improvement,36 months,0
6539,39250,0.9455434418534558,5,470,major_purchase,36 months,0
3557,41172,25.678860017730642,2,836,home_improvement,60 months,0
39360,31555,24.28376144355123,10,550,small_business,36 months,0
17482,107410,21.8678965085628,4,686,home_improvement,36 months,1
3200,98617,9.277883844639017,6,506,major_purchase,36 months,0
3961,73276,15.636239836220586,1,840,major_purchase,36 months,0
22357,77492,23.779053407446924,5,715,major_purchase,36 months,0
12969,73002,19.870674354366777,5,679,small_business,60 months,0
3869,140103,39.51142080859549,10,443,major_purchase,36 months,0
29643,144938,5.457590102269325,2,324,debt_consolidation,36 months,0
25736,109599,27.80578216190375,5,372,major_purchase,36 months,0
39467,92355,16.172750724171685,9,392,home_improvement,60 months,0
24328,111248,17.12798459702459,9,804,home_improvement,60 months,1
26876,44762,28.70391062632705,4,635,home_improvement,60 months,0
22295,31046,27.697446052974787,1,724,small_business,36 months,0
4987,116999,39.65023974808753,8,798,home_improvement,60 months,0
23399,144130,5.135771578165009,7,663,small_business,60 months,1
34986,136021,4.1643859753666534,2,498,small_business,60 months,0
21880,48769,28.973552685149645,7,712,major_purchase,60 months,0
5735,73302,23.135476680256364,8,638,debt_consolidation,36 months,0
5555,43150,10.966426662392234,2,728,major_purchase,60 months,1
20830,88247,3.176774759559464,2,438,major_purchase,60 months,1
18429,24853,3.4263299838572214,1,841,small_business,36 months,0
7893,114613,35.76763498656473,7,356,small_business,36 months,0
15373,140900,7.674692988749716,9,531,home_improvement,60 months,0
4436,109399,12.93486248462083,0,734,home_improvement,36 months,0
9754,41792,9.06625608907952,7,683,major_purchase,60 months,0
11677,79129,14.199852233277493,6,493,credit_card,36 months,0
6895,126019,2.7769537098437347,6,833,credit_card,36 months,1
20738,94478,20.762391636330815,2,817,home_improvement,60 months,0
31746,133811,2.704502543688596,0,484,credit_card,36 months,0
33352,134130,32.014260312894464,3,591,home_improvement,60 months,0
6600,87298,9.348483276417321,8,634,small_business,36 months,0
30124,51987,21.600476584180424,4,415,major_purchase,60 months,0
28643,35850,35.20316350245833,0,348,debt_consolidation,36 months,0
10007,32112,26.035094761887766,4,381,major_purchase,36 months,0
38410,141789,21.318311462053412,7,632,home_improvement,36 months,1
9208,44058,12.973350124615024,7,634,home_improvement,36 months,0
19589,65420,13.320076522327916,4,831,major_purchase,36 months,0
18453,58890,26.779478207927603,8,520,home_improvement,60 months,0
37212,86017,39.7655744488467,0,622,credit_card,36 months,0
33635,67304,26.473567593975144,3,302,credit_card,60 months,0
34828,52921,22.311336694800996,2,505,home_improvement,60 months,0
19711,125921,29.226020409569845,1,339,home_improvement,60 months,0
4420,21524,18.608224491348725,7,358,credit_card,36 months,0
32216,120424,2.4056937040314086,6,806,home_improvement,60 months,0
1301,35048,22.491872635116394,8,421,home_improvement,36 months,0
1699,55111,38.305011380215205,1,778,major_purchase,60 months,0
1190,57904,7.012117694306386,3,395,debt_consolidation,60 months,1
11492,74912,27.60019563282663,5,713,credit_card,60 months,0
36743,54008,8.037347546362259,10,534,major_purchase,60 months,0
7102,20060,21.43310737892325,2,361,debt_consolidation,60 months,1
20778,94666,3.867057985868785,7,555,home_improvement,36 months,0
27641,103559,18.014837450327406,2,647,home_improvement,60 months,0
35584,75337,30.246533155809843,1,423,major_purchase,60 months,1
33745,130616,13.902860969559283,2,781,home_improvement,36 months,0
24093,33350,26.59646897948872,10,616,small_business,36 months,1
1569,44354,31.817998431589167,5,803,major_purchase,36 months,1
39210,65186,37.087112779178106,1,347,debt_consolidation,60 months,0
35663,48145,9.385683274218142,7,708,major_purchase,60 months,0
37631,54020,15.972636632372325,0,435,credit_card,60 months,0
8455,106123,6.096640533216697,6,500,major_purchase,60 months,0
5014,126667,39.699340086335006,1,549,home_improvement,60 months,0
12093,95186,37.08003871697181,9,613,home_improvement,60 months,0
19070,105469,21.598285211222382,5,667,small_business,36 months,0
36777,40581,33.68133177505685,1,728,small_business,36 months,0
17538,108929,20.838319090881686,1,779,small_business,60 months,0
11729,43051,24.94342752011039,9,613,debt_consolidation,60 months,0
35177,71474,3.5649772846406647,7,799,small_business,60 months,0
1784,111748,30.210816819872317,1,654,debt_consolidation,60 months,0
28751,145995,5.108539345409393,6,784,small_business,60 months,1
13533,134618,33.04270521010113,2,510,debt_consolidation,36 months,1
6801,89626,31.281123506815437,7,343,major_purchase,36 months,0
20190,26960,28.34978790971906,6,840,major_purchase,60 months,1
39754,55772,1.4464152209904846,7,391,home_improvement,36 months,0
30592,41520,12.125134237813144,6,564,debt_consolidation,60 months,0
11647,69481,10.524502796433715,10,519,credit_card,60 months,0
9716,56408,14.405456298860763,5,741,home_improvement,60 months,0
24355,114006,3.5057098705535417,6,700,major_purchase,36 months,1
23009,148496,37.47831292124251,4,699,debt_consolidation,36 months,0
25376,77134,22.15208962849505,6,789,small_business,60 months,0
5780,40491,12.220972426320941,0,784,credit_card,36 months,0
3368,21341,15.879260682971337,0,769,major_purchase,36 months,0
13039,64623,17.888101620193424,8,744,home_improvement,60 months,0
7655,110327,24.023773334424693,4,568,debt_consolidation,36 months,0
5495,20338,20.62717710785991,4,566,credit_card,36 months,0
11893,91431,36.775678928576696,2,353,debt_consolidation,60 months,0
26547,32254,19.87853931623321,4,827,small_business,60 months,0
23386,71860,39.6863205929325,2,819,home_improvement,36 months,0
14403,31344,34.05699830980383,8,358,debt_consolidation,60 months,0
33097,21750,8.340420574293432,8,339,major_purchase,36 months,0
14121,74756,37.22380858575665,5,536,home_improvement,60 months,0
11966,87957,4.654655915419044,0,685,major_purchase,60 months,0
34621,125423,32.697988339647665,6,599,debt_consolidation,60 months,0
29312,78053,15.224931739063203,6,694,home_improvement,60 months,0
23677,90855,35.11897281780278,9,506,major_purchase,36 months,1
32289,35896,34.72226760429801,9,635,small_business,60 months,0
32024,75761,32.23701600470485,3,813,small_business,60 months,0
5777,82552,31.601217452282455,7,477,debt_consolidation,60 months,1
30749,140075,12.187165563921631,5,695,home_improvement,36 months,0
16338,97454,3.236771322050087,3,670,credit_card,36 months,0
3491,146522,16.119207150606456,3,617,home_improvement,60 months,0
28236,138681,6.940980599460347,1,668,small_business,60 months,0
15599,110600,27.79804355609847,1,683,major_purchase,60 months,0
20508,142732,13.843989061511422,3,361,credit_card,60 months,1
4051,132153,39.02440803439659,4,804,debt_consolidation,60 months,0
22606,142926,25.63888309381328,7,538,credit_card,60 months,0
22699,47935,32.899222545374435,5,494,debt_consolidation,36 months,1
1876,57641,5.300986909673937,3,521,credit_card,60 months,1
33093,49711,34.4805792909049,10,360,debt_consolidation,60 months,0
5142,90342,36.910287620535776,6,428,debt_consolidation,60 months,0
16202,126896,19.482476752757435,7,455,credit_card,60 months,0
8079,32182,24.250117510039097,1,677,credit_card,60 months,0
8987,107833,30.59239203611982,6,736,debt_consolidation,60 months,0
29940,76276,6.993545090416502,1,506,small_business,36 months,1
38233,39541,20.102643058537698,1,687,credit_card,36 months,0
18019,114457,15.946521110892524,7,779,home_improvement,36 months,0
19077,102310,5.8549596864899645,1,639,major_purchase,36 months,0
27258,64813,14.701376891661258,10,639,debt_consolidation,36 months,0
22136,57198,2.7268923754197427,8,503,debt_consolidation,36 months,0
9311,28820,1.0324762779794794,0,460,major_purchase,60 months,0
18214,44070,5.40665156619291,8,839,small_business,60 months,0
15098,89768,38.52460446356695,0,691,major_purchase,60 months,0
29251,31122,21.98118143580068,9,833,credit_card,60 months,0
38945,100559,38.6328864461288,9,369,major_purchase,60 months,0
26945,93543,17.29991513320528,1,704,debt_consolidation,60 months,0
26316,103441,12.472645323410383,5,816,major_purchase,36 months,0
33217,61786,20.245674513609764,5,419,home_improvement,60 months,0
9308,114934,17.580467545316406,0,516,credit_card,36 months,0
6949,119804,4.2265873704697565,6,355,major_purchase,36 months,0
2150,26737,25.633052587608248,7,665,debt_consolidation,60 months,0
24944,56062,8.641527300383984,1,803,credit_card,60 months,0
35699,74237,24.78351819591318,7,754,debt_consolidation,60 months,0
10204,71571,26.008043695926133,8,403,small_business,60 months,1
2081,45510,6.080994125145924,5,376,home_improvement,60 months,0
30305,39426,2.4539850844267264,4,529,small_business,60 months,0
17896,57265,31.230463442737594,8,557,home_improvement,60 months,0
8805,37850,18.392016950772806,10,563,major_purchase,36 months,0
6237,138249,2.3265518202190316,8,630,credit_card,60 months,1
21056,86150,39.794652686790684,0,481,major_purchase,60 months,0
4343,107312,2.3112224398546655,10,849,home_improvement,36 months,0
14500,109613,27.801409154342128,2,326,home_improvement,60 months,0
30375,94910,39.34715701053654,8,575,home_improvement,60 months,0
10662,72375,9.567204168637025,10,598,debt_consolidation,36 months,0
17964,141826,5.689974747487847,1,390,credit_card,60 months,0
9130,55435,4.855397576897156,3,779,major_purchase,60 months,0
20531,116443,12.131005902703823,3,757,major_purchase,60 months,0
2679,77132,4.041832440425868,1,750,small_business,60 months,1
4506,98945,27.686453667765278,2,664,home_improvement,60 months,1
14284,102050,2.4916719252025077,2,650,home_improvement,60 months,0
8253,149828,20.37688512599159,0,699,home_improvement,36 months,0
20128,115402,39.86787415411907,5,552,major_purchase,60 months,0
28932,22983,32.558810780240755,7,758,small_business,60 months,0
10435,117241,24.608777529240434,2,798,debt_consolidation,36 months,1
14296,40662,12.250144831464468,4,807,credit_card,36 months,0
31445,43510,24.95583345166554,0,603,debt_consolidation,60 months,0
14245,98187,21.081658556466067,9,800,major_purchase,36 months,0
30124,60998,17.043335355614857,6,465,home_improvement,60 months,0
30899,76846,5.228415069607979,9,714,credit_card,60 months,1
36247,114071,35.46416860961867,0,761,major_purchase,36 months,1
30222,26640,17.9913859528529,10,413,major_purchase,60 months,0
27211,64547,7.784900472830603,8,732,major_purchase,60 months,0
38220,74620,14.710374035091585,7,655,credit_card,36 months,1
27646,35317,16.565190101157082,6,506,credit_card,36 months,1
39649,135608,33.10151582267497,9,534,small_business,36 months,0
24049,27564,29.344575222456083,6,741,small_business,36 months,0
15069,47345,30.77219574565359,4,654,debt_consolidation,60 months,0
33580,133824,0.44125057714588856,4,814,credit_card,36 months,0
32843,114223,16.64615992719046,10,507,credit_card,36 months,1
3849,143372,19.253766065412947,4,424,credit_card,36 months,0
24289,99273,0.7676910729222675,0,437,small_business,36 months,1
36257,94859,10.392528349801369,7,638,major_purchase,36 months,0
10823,100765,30.4115929248854,10,836,home_improvement,60 months,0
10540,130017,5.484388229159962,0,367,small_business,36 months,0
17364,94038,21.412405258103668,3,840,credit_card,60 months,0
5611,143618,8.6080748806895,8,682,small_business,36 months,0
28663,72393,0.4848309857557309,8,318,debt_consolidation,36 months,0
39646,86081,9.64805830398166,4,749,credit_card,36 months,0
31977,145341,39.03495019640215,3,373,debt_consolidation,36 months,0
30168,122650,32.06148447531958,2,575,credit_card,36 months,0
26471,49430,38.383065772841334,2,347,small_business,36 months,0
23687,95532,19.5141617570545,4,510,major_purchase,36 months,0
1851,47788,4.38944794710014,9,839,home_improvement,36 months,0
19071,115505,21.91837955894772,0,490,debt_consolidation,60 months,0
7833,68543,18.175093382398437,4,614,small_business,36 months,0
12938,33919,33.77428330958464,5,412,major_purchase,60 months,0
36195,89346,3.9233032313697835,6,469,small_business,36 months,0
27144,116122,19.529645480871128,8,767,debt_consolidation,60 months,0
5000,59974,6.00194658775937,2,313,home_improvement,36 months,0
6052,127309,12.987037075602398,1,587,small_business,36 months,0
36506,36371,29.494283095511985,2,488,credit_card,36 months,0
29074,65084,19.040725174750662,8,454,major_purchase,60 months,0
39155,49629,15.035531405830774,6,770,small_business,60 months,0
33320,71184,15.779051142801412,8,374,major_purchase,60 months,0
39304,81916,18.377870736239466,1,576,credit_card,60 months,0
4913,147293,31.400661753482275,4,642,home_improvement,36 months,0
18450,93972,35.68338755760938,3,724,home_improvement,36 months,0
25107,82187,38.21338746015713,1,810,credit_card,36 months,0
21764,32984,31.476135450211803,8,481,major_purchase,60 months,0
21491,53039,12.616275829920509,8,757,small_business,36 months,0
39494,105431,27.525388243461684,5,363,credit_card,60 months,0
4373,103691,17.504124962215677,10,559,debt_consolidation,60 months,0
13161,78606,10.186824881842046,5,492,major_purchase,60 months,0
32996,30616,33.634863177036905,7,705,home_improvement,60 months,0
28122,122665,1.5370539584929999,5,392,credit_card,60 months,0
35850,125373,36.07047968541694,0,729,home_improvement,36 months,0
28350,70072,18.459098584989366,3,733,major_purchase,60 months,0
28472,44574,25.488059072331218,6,703,home_improvement,60 months,0
29761,23430,26.374156888231308,1,733,credit_card,36 months,0
26351,139123,35.804709628261456,8,411,major_purchase,60 months,0
24132,32676,25.466787286688295,7,674,debt_consolidation,60 months,0
16305,30816,24.557343390402472,7,358,credit_card,36 months,0
10817,52733,2.6660816224275985,6,342,small_business,36 months,0
12261,105680,20.73632087780816,3,506,credit_card,36 months,1
1417,22050,6.006760032681666,1,595,major_purchase,60 months,0
21358,129996,29.497350748859425,2,417,credit_card,36 months,0
4267,53933,20.48887683250698,5,831,debt_consolidation,36 months,1
18209,44951,27.209111168334132,4,521,debt_consolidation,36 months,0
25052,52413,1.6669160240953707,7,465,small_business,60 months,0
39513,54801,3.391680641832129,5,455,home_improvement,36 months,0
27092,75619,28.652935522507292,5,483,major_purchase,60 months,0
12338,52913,2.8833734399469346,0,389,major_purchase,60 months,0
1412,132573,2.850269110610344,3,393,home_improvement,36 months,0
8543,139076,0.484339009395498,4,312,debt_consolidation,60 months,0
34496,60600,38.2600559319792,10,737,debt_consolidation,60 months,0
24548,77775,29.50033437836028,2,837,credit_card,36 months,1
28384,110816,14.130056340082566,8,449,small_business,60 months,1
39756,149972,11.86142325150621,0,307,small_business,36 months,0
19888,110093,13.988129189833982,5,328,small_business,60 months,0
36735,132590,30.986141247247275,5,595,credit_card,60 months,0
18506,55400,26.454824442816577,9,639,small_business,36 months,1
21463,24494,7.4078227146987174,4,738,home_improvement,36 months,0
18955,100688,6.964373413363374,4,443,credit_card,60 months,0
38841,142744,3.9358259885358926,9,818,home_improvement,60 months,0
6104,109431,26.412108788053526,4,344,credit_card,36 months,0
35911,94691,30.574906488869438,5,538,small_business,60 months,0
24190,117419,10.601857133000161,7,454,home_improvement,60 months,0
8357,128730,0.8377984412365125,1,480,home_improvement,60 months,0
33479,63001,3.286866699057094,5,514,home_improvement,60 months,0
37208,87364,38.71440139380122,0,387,credit_card,36 months,0
21150,144988,11.81779109909681,3,555,major_purchase,36 months,0
6644,65028,30.768925913525344,9,810,small_business,36 months,1
3914,127434,24.98654275417055,2,372,home_improvement,36 months,1
22352,117659,15.277585586115837,8,478,major_purchase,36 months,1
15397,57573,8.227490487822205,2,511,small_business,36 months,1
1728,20806,4.855456726376257,5,533,small_business,60 months,0
1698,144343,24.600518721554664,0,764,home_improvement,36 months,0
14923,76638,30.98535122551152,5,522,home_improvement,60 months,0
17779,148301,25.756170141645228,3,563,credit_card,60 months,1
8400,146295,21.21208532996633,7,506,major_purchase,60 months,0
25466,126506,1.6780489372654506,10,665,major_purchase,36 months,0
37939,49757,38.739551103775355,8,575,home_improvement,60 months,0
5360,54636,31.94856766618298,3,679,small_business,36 months,0
36270,100097,11.712881468038589,9,608,home_improvement,60 months,0
18101,68280,39.19881317435403,9,567,small_business,60 months,0
33307,44262,24.075263585452884,5,363,small_business,36 months,0
6486,100435,23.296906328289857,0,649,home_improvement,60 months,0
9335,82211,29.922927177181286,3,793,debt_consolidation,60 months,0
22364,74842,32.4707915236055,6,822,major_purchase,60 months,0
38259,148583,26.259144293260107,0,397,small_business,60 months,1
24576,76979,5.123829854648001,7,370,small_business,36 months,0
32667,134524,13.530700239779936,9,663,debt_consolidation,60 months,0
12130,101470,37.12334561304199,10,575,credit_card,60 months,0
22972,58197,8.984624473754078,5,349,debt_consolidation,36 months,0
2167,61844,14.886680953500534,4,657,debt_consolidation,60 months,0
28192,84754,17.28307531776784,9,784,small_business,60 months,0
2062,121868,17.57619958777809,10,383,major_purchase,60 months,0
19540,54157,24.51758329978102,8,595,debt_consolidation,60 months,0
25244,97129,37.7230335097883,1,535,credit_card,36 months,0
22545,60042,9.6277084733002,4,355,home_improvement,60 months,0
22689,81665,4.8600550520367225,5,659,debt_consolidation,36 months,0
12174,135512,7.898819594397493,6,409,debt_consolidation,60 months,0
23925,136953,35.47699600837078,4,491,credit_card,60 months,0
38497,102856,25.832432506208242,8,392,major_purchase,60 months,1
10348,47376,11.436271569566404,0,359,debt_consolidation,36 months,0
24714,129049,32.63787755874469,6,338,debt_consolidation,60 months,0
39102,75554,34.45479985453744,9,839,major_purchase,60 months,0
9924,34199,33.860573547611125,6,348,credit_card,36 months,0
38098,138533,36.75706134558218,3,719,debt_consolidation,36 months,0
25394,101412,10.089640806934463,8,312,major_purchase,36 months,0
7801,70948,30.201677149851132,10,335,debt_consolidation,36 months,0
38614,93781,18.4215798909656,4,400,home_improvement,60 months,0
7731,92750,33.67994211560246,3,385,small_business,60 months,0
24625,86262,29.13962708646453,6,815,home_improvement,60 months,0
18337,137424,31.057897859988984,3,522,debt_consolidation,60 months,0
36307,66600,26.24647350724286,2,637,credit_card,36 months,0
8056,96898,7.097150778788275,8,465,small_business,60 months,1
12516,82483,21.80107675587753,10,682,home_improvement,60 months,0
2542,38297,39.38678958098033,7,675,major_purchase,60 months,0
22677,50448,37.495522659884756,0,770,credit_card,60 months,0
28569,46172,1.7269494318804668,6,330,home_improvement,36 months,0
24322,62874,6.592592629177485,8,674,major_purchase,60 months,0
20065,27657,5.269150938182476,7,310,debt_consolidation,60 months,0
18924,104386,29.03919639941182,7,601,major_purchase,60 months,0
23556,145617,32.7114131942778,5,395,home_improvement,36 months,0
27962,45425,8.540454652426877,10,489,home_improvement,36 months,1
29295,46685,20.23410771807316,3,752,debt_consolidation,60 months,0
14807,142000,33.628121120448,7,491,major_purchase,60 months,0
27432,132855,29.312061790650024,2,785,major_purchase,60 months,1
18749,44578,21.689488219673933,8,565,debt_consolidation,36 months,0
27256,48831,23.613907618350915,1,723,major_purchase,60 months,0
38080,27906,20.3344218766512,1,427,debt_consolidation,60 months,0
2324,81413,11.901938052752822,6,537,credit_card,60 months,1
26731,74028,22.600879714360644,9,654,home_improvement,36 months,0
36909,27287,27.555412082003627,3,411,credit_card,60 months,0
24803,53660,34.93291663443231,9,745,small_business,60 months,0
20870,95758,25.451654159169923,7,642,small_business,36 months,0
35578,80504,30.44486148172632,8,444,small_business,36 months,0
7588,79720,6.40286539818292,6,364,debt_consolidation,60 months,0
39069,122979,18.462298976791594,4,546,major_purchase,36 months,0
27790,54701,0.37326479308373184,7,789,credit_card,60 months,0
26289,103300,9.86715458086492,3,738,credit_card,36 months,0
29178,130177,29.058468604520193,1,405,credit_card,36 months,1
29710,37674,39.67239805397454,10,480,credit_card,60 months,1
16485,103560,3.9671239834886363,5,483,small_business,60 months,0
21652,131543,16.05977263445153,8,525,credit_card,60 months,0
5748,43874,32.00283874796638,0,388,major_purchase,36 months,0
22233,63642,8.161425385155955,10,829,small_business,60 months,0
10435,143867,22.20339797209145,9,670,credit_card,60 months,0
4709,117820,29.322851841186992,6,698,debt_consolidation,60 months,0
31355,85160,24.639418010407162,9,405,home_improvement,60 months,1
14116,37602,7.520989384616645,8,570,home_improvement,60 months,0
26470,123320,14.215382747429576,9,802,home_improvement,36 months,0
15683,108801,31.35167137941589,8,824,small_business,60 months,0
1504,45931,22.169060565280667,9,331,credit_card,60 months,0
34982,114377,0.20918454171650946,10,692,small_business,36 months,0
35299,49192,30.439630401123754,2,339,major_purchase,60 months,0
29016,66542,1.4124541976095628,10,517,debt_consolidation,60 months,0
24960,147015,29.829351309249287,4,381,debt_consolidation,60 months,1
34591,62520,8.099222406609496,7,500,home_improvement,60 months,0
18312,84772,38.32293920477521,7,746,home_improvement,60 months,1
38797,78762,14.71763005208338,3,727,home_improvement,36 months,0
3105,70106,13.077264653523164,10,337,credit_card,36 months,0
37395,101121,5.955522013297787,10,510,major_purchase,36 months,0
23700,45559,12.224168619608594,0,743,major_purchase,60 months,0
35620,125595,35.06603047312802,0,626,major_purchase,36 months,0
38678,53742,39.85337350508989,3,526,major_purchase,60 months,0
21559,89669,14.732381220273933,5,347,home_improvement,60 months,0
28509,100199,17.9444252381817,7,317,debt_consolidation,60 months,0
28860,41754,28.882837528109484,5,738,home_improvement,36 months,0
12003,23972,35.44783121860298,8,486,major_purchase,36 months,0
22732,90831,23.721773367471364,8,644,home_improvement,36 months,0
26826,132217,15.661027927113174,1,523,major_purchase,60 months,0
31354,61873,16.50487363394495,9,787,small_business,36 months,0
14843,114661,27.824725859872274,0,528,debt_consolidation,60 months,1
7190,126532,0.12873054417114727,1,689,small_business,36 months,0
18640,146267,24.78357349839363,4,487,credit_card,36 months,0
39413,29903,14.219720417654296,3,569,home_improvement,60 months,0
4330,23020,31.767893251083372,3,609,credit_card,60 months,0
20087,61755,3.7196255929252864,8,431,home_improvement,36 months,0
25504,105956,23.52809067793562,10,371,small_business,36 months,1
8114,106988,19.23891559544495,7,486,major_purchase,36 months,1
14323,65648,25.693021036209096,5,785,major_purchase,60 months,0
35121,123537,2.594143779318734,0,490,home_improvement,60 months,0
11975,145991,23.19935149712525,1,721,major_purchase,36 months,0
12023,29516,22.45938351838095,5,419,small_business,36 months,0
22447,132863,22.426403776646836,10,519,major_purchase,60 months,0
25933,135005,24.139506663858192,1,352,small_business,36 months,0
24959,22396,27.058717489054487,9,750,credit_card,60 months,0
1667,104082,32.19955998723079,4,711,small_business,60 months,0
30703,39129,10.792828805128574,4,536,debt_consolidation,60 months,0
10337,148322,33.001976407202484,5,705,debt_consolidation,60 months,0
37487,21591,19.930227290538145,5,721,debt_consolidation,60 months,1
20129,31303,3.0823311653732466,5,546,home_improvement,60 months,0
32921,50561,2.342037169759168,1,371,home_improvement,36 months,1
34307,91719,13.369532747842431,9,484,home_improvement,60 months,0
28355,138618,31.395879084458702,2,305,small_business,60 months,0
38732,112108,28.30723738963663,5,505,home_improvement,36 months,1
5835,148748,31.544598586896257,7,843,credit_card,60 months,0
21159,119616,20.690762257664375,10,686,debt_consolidation,36 months,0
39810,144165,17.60795991821962,0,375,small_business,60 months,0
39088,106231,5.898101068251358,0,476,debt_consolidation,36 months,0
14216,27314,13.127710144372461,10,648,home_improvement,36 months,0
36547,137071,17.36077464695501,1,554,small_business,60 months,1
32471,39623,3.5440171871846893,10,607,major_purchase,60 months,1
18308,87675,8.82447810844845,5,644,credit_card,60 months,1
28532,132992,23.929011762549553,8,426,home_improvement,60 months,0
35349,116826,29.426524569567594,3,586,home_improvement,36 months,0
6713,85082,39.93390045571799,2,786,credit_card,36 months,0
5804,149839,37.32453325374231,7,682,credit_card,36 months,1
11136,103624,25.70260798140766,10,705,major_purchase,60 months,0
1009,125228,16.84992213176288,9,687,home_improvement,36 months,0
20255,53130,25.447094588329307,8,824,home_improvement,60 months,0
24793,71756,31.42606472320928,10,575,debt_consolidation,60 months,0
30548,117624,4.733447636935493,4,799,small_business,36 months,0
38892,46292,16.39619558785153,8,636,small_business,60 months,1
2015,131785,33.59209142542469,1,780,debt_consolidation,36 months,1
28712,147331,15.35331807732176,2,572,small_business,60 months,0
35961,106206,22.87489084908746,6,357,credit_card,36 months,0
9415,89274,23.510774434487928,6,627,small_business,60 months,1
24833,22469,7.379050125345574,5,408,small_business,36 months,0
5158,73947,14.489417666091535,5,578,debt_consolidation,36 months,0
21309,42534,13.380451549677286,1,627,major_purchase,60 months,0
7970,83620,1.0478683412825918,9,614,small_business,60 months,0
7938,68874,0.9676705556542098,5,773,small_business,36 months,0
22168,69708,33.26788174703094,3,410,major_purchase,60 months,0
21384,94553,10.922832398912497,2,528,debt_consolidation,60 months,0
19017,88344,20.72315064955262,10,796,major_purchase,60 months,0
11344,69138,11.949022943550922,1,455,debt_consolidation,36 months,1
9702,74302,37.62716980461362,0,772,credit_card,36 months,0
1384,67638,10.37187035463095,10,571,debt_consolidation,60 months,0
1404,98249,17.186272509557405,10,301,credit_card,60 months,0
30189,125865,34.909210019384076,4,810,credit_card,36 months,0
13763,22719,33.67734267167235,1,585,debt_consolidation,60 months,0
19384,42890,7.444056713851093,1,312,home_improvement,36 months,1
33606,97236,32.10573239182842,6,797,debt_consolidation,60 months,0
10860,56509,18.327475469515704,7,537,small_business,60 months,0
39757,62534,19.318754883414208,9,393,small_business,60 months,0
16106,122302,5.339198896637751,7,637,home_improvement,36 months,0
24574,112241,3.224060550284986,3,470,credit_card,36 months,0
24524,38787,29.117572278950608,0,766,home_improvement,36 months,1
4636,146209,19.858446094211992,10,442,small_business,36 months,1
11916,68845,17.474028104607182,6,500,home_improvement,60 months,0
5809,77932,29.18032914609587,0,479,debt_consolidation,60 months,1
33201,112124,30.62051595964439,10,663,home_improvement,36 months,0
14456,111659,6.3563267067741425,3,778,credit_card,60 months,0
39765,53062,24.40900597910565,7,770,debt_consolidation,60 months,0
35816,95713,5.414163291107421,1,683,major_purchase,36 months,0
18100,107263,30.055003441161826,5,716,small_business,60 months,0
22949,115756,26.27820625068558,5,607,small_business,60 months,1
5544,80461,38.26458484333832,8,666,home_improvement,36 months,0
38744,95418,2.7583206542568472,4,300,debt_consolidation,60 months,0
27657,86672,2.2821888460501727,9,343,major_purchase,60 months,0
37187,148232,11.287482987728005,3,397,debt_consolidation,60 months,0
8239,54832,10.468227349436239,4,564,small_business,36 months,0
15489,147335,9.879151962879993,9,439,debt_consolidation,36 months,0
29538,51966,36.250183220841464,10,780,major_purchase,60 months,0
33049,92545,9.981847993980244,4,536,home_improvement,60 months,0
38131,32987,10.87798904514524,7,371,credit_card,60 months,0
9427,57311,30.37593049671855,9,489,debt_consolidation,36 months,0
25285,51575,17.9895936980216,7,567,credit_card,36 months,0
38626,83852,31.068422278207247,1,620,small_business,36 months,0
23928,147650,2.6146463025754096,6,406,home_improvement,60 months,0
20198,21007,19.502847746935373,7,531,home_improvement,60 months,0
20758,90981,1.3445440073313053,10,341,debt_consolidation,60 months,0
16254,96242,2.506128138214181,5,438,home_improvement,60 months,1
2252,67517,36.25749813377644,4,572,debt_consolidation,60 months,0
13173,130022,5.5698148447038065,10,780,debt_consolidation,36 months,1
38441,49257,21.296827291008682,8,715,credit_card,60 months,0
27698,107272,16.443824104028263,2,805,home_improvement,60 months,0
16781,62207,13.893733050353706,9,723,debt_consolidation,60 months,0
14051,33281,35.9933338274909,3,706,credit_card,36 months,1
7949,81246,0.87293587101958,8,689,major_purchase,60 months,0
9017,21435,26.551587447023564,5,641,credit_card,36 months,0
7941,118875,38.535777368542014,7,792,credit_card,36 months,1
26934,120686,22.40672733847368,6,491,debt_consolidation,36 months,0
24386,111357,37.472898481323675,10,798,small_business,36 months,0
11209,46660,2.0903151714409507,1,532,small_business,36 months,0
18715,25084,16.751732762966455,2,526,small_business,60 months,0
29920,102197,10.406311638482046,0,670,credit_card,60 months,0
32703,33507,29.23283859922919,8,438,debt_consolidation,36 months,0
5637,92595,39.25188361988987,6,448,home_improvement,36 months,0
5854,103807,10.261202497769911,0,414,credit_card,36 months,0
38660,65539,26.166984058962978,2,749,credit_card,60 months,1
20856,135953,7.923905310389605,3,362,debt_consolidation,60 months,1
22833,27491,22.613210182864396,3,403,major_purchase,36 months,0
20963,147706,18.557299467533447,4,572,credit_card,60 months,0
37932,132831,38.88021318526148,2,305,major_purchase,60 months,0
28169,70192,24.341090907858664,2,446,major_purchase,36 months,0
8941,100395,13.980254883472751,0,483,small_business,36 months,0
15388,143797,4.563831395517335,6,327,debt_consolidation,60 months,0
6569,83888,6.049873149397382,10,849,major_purchase,60 months,0
5300,93609,9.012677198049403,9,418,debt_consolidation,60 months,0
37586,29077,10.03866645361192,0,592,small_business,36 months,0
13015,137440,34.024642313645515,1,670,debt_consolidation,36 months,1
7254,142901,22.448911531300997,3,543,credit_card,36 months,0
18144,40953,20.935636454974656,3,517,major_purchase,60 months,0
25214,96919,4.590754874768699,4,476,debt_consolidation,60 months,0
16183,134682,34.4055877339774,10,598,home_improvement,36 months,0
7238,141041,28.91257212833935,1,357,debt_consolidation,60 months,0
7090,87889,2.7067344760000633,3,568,major_purchase,36 months,0
12637,43821,28.313403889190745,0,607,small_business,60 months,0
23415,57567,21.741528693705842,1,587,small_business,36 months,0
25071,135374,3.26901382987113,0,404,major_purchase,60 months,0
19271,44860,18.332025661146258,9,527,credit_card,60 months,0
37034,41195,19.387851485201878,9,546,credit_card,36 months,1
34434,97475,6.63098160653103,3,793,small_business,36 months,0
5188,110874,37.82792588001129,3,382,small_business,36 months,0
11161,107266,33.99901485922648,6,485,major_purchase,36 months,1
29732,41427,26.760893493164332,9,551,credit_card,36 months,0
12314,120732,18.491822440024286,10,654,small_business,60 months,0
24954,47083,16.470621663380342,10,509,credit_card,36 months,0
22508,107046,26.038938686038165,8,746,small_business,36 months,0
22969,77372,21.817274776276218,8,759,debt_consolidation,36 months,0
38545,143786,2.4909242352754246,4,771,home_improvement,36 months,0
37668,64064,20.500105950813268,9,669,debt_consolidation,36 months,1
24061,27813,32.25614468931358,0,791,small_business,60 months,1
14716,51598,18.36959510387832,0,436,home_improvement,36 months,0
17907,132718,2.0782631021707365,5,666,home_improvement,36 months,0
19777,146879,31.451127975361324,1,483,small_business,36 months,0
28693,113106,8.054551285438976,7,586,small_business,60 months,0
27329,47082,10.344833395521551,8,771,credit_card,60 months,0
17282,49241,6.588254137291836,3,674,small_business,36 months,0
24624,116214,13.2086025948599,4,836,major_purchase,36 months,1
24321,64569,30.2700602275454,10,810,small_business,60 months,1
11488,31745,20.775434380157492,7,549,major_purchase,60 months,0
23574,46029,8.195250966028503,2,809,small_business,60 months,0
6240,33025,35.113203126081636,4,372,credit_card,36 months,0
11478,121660,35.18327419806117,2,581,major_purchase,36 months,0
20262,143395,34.82313700184028,9,659,debt_consolidation,60 months,0
5432,34288,9.55184845526157,2,309,major_purchase,36 months,0
30721,109186,18.049573767239522,2,510,credit_card,60 months,0
14568,26540,39.39958624563501,6,451,major_purchase,60 months,0
15178,117768,30.880499052399614,6,304,small_business,60 months,0
23195,101958,1.0866968490223927,6,494,small_business,36 months,0
1302,88878,2.608183650419682,9,582,credit_card,60 months,0
18022,61846,18.557255072493312,7,763,home_improvement,60 months,0
1055,121148,36.368808234462406,4,412,small_business,36 months,0
9717,95932,21.54807191810857,4,570,debt_consolidation,60 months,1
29699,37482,19.91250032137161,3,462,credit_card,36 months,0
9150,43411,4.218947998265223,6,759,major_purchase,60 months,0
3125,70975,26.271204188971762,9,404,major_purchase,36 months,0
17748,80545,32.88412642400902,3,581,debt_consolidation,60 months,0
5621,132302,15.216800300302493,1,461,small_business,60 months,0
16034,98797,31.0244740370131,3,650,credit_card,60 months,0
6126,72307,38.57906615603247,7,733,debt_consolidation,60 months,0
6122,23093,8.150658365107564,8,439,small_business,60 months,0
19030,97258,20.933185247789652,2,770,credit_card,36 months,0
18302,42042,11.485518323383022,6,431,major_purchase,36 months,0
20181,72930,31.714176761353574,8,386,credit_card,60 months,0
39638,137584,23.1037346352463,10,482,home_improvement,60 months,0
2531,64413,25.38329670201215,3,667,credit_card,60 months,0
24333,133387,31.916566384635765,9,428,home_improvement,36 months,0
35674,113623,15.838818906498195,2,545,credit_card,36 months,0
36854,117883,36.60360273628173,4,677,home_improvement,60 months,1
9152,53756,21.3211546898456,0,448,major_purchase,36 months,0
39518,73268,6.31819291341392,2,732,small_business,60 months,1
11267,59214,27.8359647267521,7,768,home_improvement,60 months,1
26289,101871,31.730454017530178,10,745,home_improvement,60 months,0
2062,147844,12.670467082701066,7,780,major_purchase,36 months,0
30926,48602,34.28717027995012,3,593,home_improvement,60 months,0
7229,73331,36.24573019063065,1,442,debt_consolidation,60 months,1
5632,68901,11.076179495112356,7,549,major_purchase,60 months,0
4596,119986,39.34085890860888,7,601,debt_consolidation,36 months,0
7168,83416,5.628461121950337,9,324,major_purchase,36 months,0
8561,52196,8.0806267360996,3,369,home_improvement,36 months,0
9258,148386,7.368993569521045,2,411,debt_consolidation,60 months,0
17616,25626,35.75958840031482,1,663,home_improvement,36 months,0
27734,27424,26.171702092998473,8,602,major_purchase,60 months,0
7371,32857,6.084171328890915,0,770,home_improvement,36 months,1
27069,130459,17.61293673473396,6,390,debt_consolidation,60 months,0
15369,135621,24.61192100279208,4,829,debt_consolidation,36 months,0
13910,39982,3.3385633995753317,7,491,home_improvement,60 months,0
8943,96961,35.29665473629355,3,541,credit_card,36 months,0
13199,21980,32.14414141766141,6,437,major_purchase,36 months,0
16728,68290,20.20827094306553,4,644,major_purchase,36 months,0
24275,46431,38.685064610366815,4,479,home_improvement,60 months,0
7738,104976,16.710439171003987,8,802,credit_card,36 months,0
16913,127288,39.36441276145991,8,502,debt_consolidation,36 months,0
36240,102711,26.71679995214508,8,491,small_business,36 months,0
20123,134187,25.386850930157657,5,304,small_business,36 months,0
35529,46385,6.6381958118314,5,536,home_improvement,60 months,0
11167,58158,35.27711033218576,4,610,credit_card,36 months,0
11554,43019,17.099587516824606,8,848,credit_card,60 months,0
18260,38639,6.489336231299174,9,355,major_purchase,60 months,0
4812,105530,0.5043007990303616,7,742,debt_consolidation,60 months,0
29024,119911,22.3902273455353,6,536,credit_card,60 months,1
28285,41563,21.095984884907054,6,496,small_business,36 months,1
27900,59341,28.774144894766344,5,813,debt_consolidation,60 months,0
2605,135672,35.610322120712084,4,748,debt_consolidation,60 months,0
6622,25776,3.176263385721181,3,659,home_improvement,60 months,0
7767,56444,29.259859613614495,2,329,credit_card,60 months,0
28139,88916,7.496477763903289,2,407,home_improvement,36 months,0
12613,28711,34.327082126286555,5,744,credit_card,36 months,0
11589,94318,32.76254055446624,3,737,major_purchase,60 months,0
14918,102970,21.631750199421774,5,756,home_improvement,60 months,0
21119,132301,28.40971194493246,2,794,home_improvement,60 months,0
28446,105553,12.574004527349935,3,546,small_business,36 months,0
14046,50707,18.846715957312586,8,842,home_improvement,36 months,0
25818,59110,32.865475908418865,4,738,credit_card,36 months,0
36358,149410,18.370607886928557,6,577,small_business,36 months,0
5324,81788,14.311930613017672,9,410,home_improvement,36 months,0
11787,102879,19.768497890011997,1,684,home_improvement,60 months,0
10111,58827,33.12997009748874,4,490,major_purchase,36 months,0
39110,127188,13.40832189483491,8,789,home_improvement,36 months,0
17389,25655,6.950463725429752,10,725,debt_consolidation,60 months,0
15043,64859,28.48056081323123,2,704,small_business,36 months,0
29746,73625,33.03912850832327,8,634,debt_consolidation,36 months,1
23350,72098,4.025499140941333,10,508,small_business,36 months,0
1117,35251,9.594964510237789,5,321,major_purchase,60 months,0
19935,142413,5.678879590439756,3,507,home_improvement,36 months,0
14234,20526,13.917656463286665,6,307,home_improvement,60 months,0
39328,88760,18.014039156216505,7,828,home_improvement,60 months,0
1846,67837,29.953053478532258,5,465,small_business,36 months,0
11954,145133,26.045903395266965,4,795,home_improvement,36 months,0
14703,149478,24.837142699137246,5,728,debt_consolidation,36 months,0
23700,31536,14.094997864386176,4,462,home_improvement,36 months,0
33043,48541,33.6579021233904,7,665,major_purchase,60 months,1
7469,99083,18.85148669592658,0,825,debt_consolidation,36 months,0
31105,71027,39.16419752060618,10,538,home_improvement,60 months,0
27386,54531,25.365685531829474,6,371,home_improvement,60 months,0
37976,28712,5.050589662580109,9,744,credit_card,60 months,0
3048,124101,27.047102483017362,9,808,small_business,60 months,0
13941,85455,13.00416061726796,10,568,debt_consolidation,60 months,0
2828,94744,27.453087867443898,1,714,credit_card,36 months,1
2917,141787,2.7856459264962297,8,544,major_purchase,60 months,0
21618,149749,6.9952574870383755,0,359,small_business,60 months,0
33254,25109,34.22949035623145,10,305,debt_consolidation,36 months,0
21128,141332,9.087182280940596,9,706,home_improvement,36 months,0
1009,69268,33.4816450097176,5,516,debt_consolidation,60 months,0
17644,120737,11.171043538176416,8,325,home_improvement,60 months,0
23422,74615,25.715276402348305,0,304,small_business,36 months,0
10865,102503,27.766022940393242,3,831,home_improvement,60 months,0
3219,143274,20.506190125802117,3,689,major_purchase,36 months,0
6287,49759,12.212427067869251,8,747,home_improvement,36 months,1
35387,105708,8.505775054843845,10,445,major_purchase,60 months,0
9512,80112,1.3275741824970488,4,687,small_business,36 months,0
2342,122471,12.157856049628952,4,548,small_business,60 months,0
20216,146740,26.12651162125132,5,825,debt_consolidation,60 months,0
28534,143153,37.532192737939305,0,761,major_purchase,60 months,0
15231,46589,34.84817929052208,0,312,major_purchase,36 months,0
33293,50015,30.642591061412105,8,683,credit_card,60 months,1
27614,49009,31.537893730131948,2,698,credit_card,36 months,0
37258,103309,26.59939613903981,3,318,credit_card,60 months,0
29253,146446,10.41147430264012,0,790,home_improvement,60 months,0
18988,82046,36.28780122823319,8,718,credit_card,36 months,0
32037,126661,26.829292476233363,7,636,major_purchase,60 months,0
13219,46143,22.4176252392176,1,718,home_improvement,60 months,0
1235,26154,4.439578768539243,7,421,small_business,36 months,0
2908,41804,17.882221752257017,6,731,debt_consolidation,36 months,0
9567,61688,18.41433084807705,10,343,credit_card,36 months,1
37298,84288,34.582544380906796,5,616,small_business,60 months,0
6256,71195,21.865928807511537,0,680,major_purchase,36 months,0
20019,40581,15.216021958816386,6,444,debt_consolidation,36 months,1
9162,72648,39.07201314042637,9,626,small_business,60 months,0
6415,50087,4.428823733052627,6,662,debt_consolidation,36 months,0
37159,69930,16.901937132477784,8,349,credit_card,60 months,1
6951,52981,1.6809870068562116,0,364,major_purchase,60 months,0
22852,89298,29.596164830677214,1,654,debt_consolidation,36 months,0
9007,66167,36.72306208796603,10,463,small_business,60 months,0
31523,95304,11.201493182019577,8,440,credit_card,36 months,0
24325,63408,34.33366707196483,8,427,credit_card,36 months,0
22204,59499,11.68872921847591,5,697,small_business,36 months,0
16524,145816,36.43080646575661,5,762,small_business,36 months,0
20282,72269,30.158476143871358,3,486,debt_consolidation,60 months,0
24930,58559,32.19627107365754,3,489,home_improvement,60 months,0
1077,134126,0.72026222401818,4,687,credit_card,36 months,0
21611,94319,38.51241428296104,2,728,debt_consolidation,36 months,1
17984,131925,29.06683968281293,0,583,small_business,60 months,0
15060,115317,12.190043815445332,0,536,debt_consolidation,36 months,1
18449,116347,33.17578659435388,6,493,small_business,60 months,0
19520,68787,11.260847936597198,0,586,major_purchase,36 months,0
10510,55488,34.910153582645115,0,435,small_business,60 months,0
30287,94441,4.503215616477481,2,470,small_business,60 months,0
29173,94663,28.147439098431832,9,458,small_business,60 months,0
12954,42431,21.62793906579641,3,500,home_improvement,36 months,0
8804,81681,3.8613788078176325,3,786,small_business,36 months,0
7565,83483,9.67575313035356,1,803,credit_card,36 months,0
6984,142720,0.4961614510925916,0,670,credit_card,36 months,0
22526,69153,18.750718618580233,2,402,debt_consolidation,36 months,0
38438,26368,12.050610430400015,10,424,home_improvement,60 months,0
19574,47424,23.934299371910353,3,612,debt_consolidation,60 months,0
10184,132360,11.889512308344688,2,757,credit_card,60 months,0
20096,65004,11.996764460279387,7,529,credit_card,60 months,0
3192,103869,29.727727949264136,9,496,major_purchase,60 months,0
35016,108652,1.925713439134138,0,722,small_business,60 months,1
12246,132755,36.11579980767949,1,470,credit_card,60 months,0
19381,76985,34.09055497564726,6,681,debt_consolidation,36 months,0
37455,70069,26.71218732905626,3,472,debt_consolidation,60 months,0
27727,72326,23.72886280429537,7,752,small_business,36 months,1
5018,128737,35.69209992558609,10,649,small_business,60 months,0
12302,101061,7.413207181148578,2,793,major_purchase,60 months,1
2970,43398,3.1587664876331445,5,303,home_improvement,36 months,0
28202,118393,9.580406796381524,8,392,debt_consolidation,60 months,0
32110,70861,31.783131148007612,0,305,small_business,36 months,1
18586,95897,1.386810669059333,0,587,debt_consolidation,60 months,0
25519,101905,23.312273403339585,7,445,small_business,36 months,0
32273,147118,39.817500647652395,2,723,credit_card,60 months,0
22951,88577,34.227843753501574,4,756,debt_consolidation,36 months,1
16374,85641,20.857827561743576,0,501,credit_card,36 months,0
6788,29078,2.5456363714656938,4,511,debt_consolidation,60 months,0
6408,45003,33.25494057542839,10,305,home_improvement,60 months,0
26053,82768,23.95914032708842,5,675,major_purchase,36 months,0
10446,71047,4.597319882382673,7,746,credit_card,60 months,1
1922,91626,3.754291392934248,2,405,small_business,36 months,0
34187,77660,36.3850727774637,2,700,home_improvement,60 months,0
11789,124386,26.768010517523138,10,395,debt_consolidation,36 months,1
33184,69786,33.17147197267022,10,687,credit_card,60 months,0
2120,21925,35.15915601129069,9,751,debt_consolidation,36 months,0
33154,103976,22.87089408193289,8,715,debt_consolidation,60 months,0
18334,125221,20.69785407020165,3,803,debt_consolidation,36 months,0
3336,137832,17.21709641283961,3,753,major_purchase,36 months,0
39141,145150,12.677863511644771,6,590,major_purchase,60 months,0
3243,46015,17.38383843434847,1,833,small_business,60 months,0
20029,53320,30.955186229206255,7,492,credit_card,36 months,0
33265,84881,24.07693724060526,5,449,home_improvement,36 months,0
38380,110827,35.70093159819385,2,814,home_improvement,36 months,0
24710,140071,17.73520057516751,8,692,home_improvement,36 months,0
30486,122215,24.28358314875016,4,615,debt_consolidation,60 months,0
7371,46289,25.25230212367955,7,375,major_purchase,36 months,1
7359,148859,23.66788649225302,6,569,credit_card,36 months,0
36996,23389,28.10535092342065,7,524,debt_consolidation,36 months,0
21103,45683,9.497338734992251,6,829,major_purchase,60 months,0
15382,33629,20.494551101831625,2,412,major_purchase,36 months,0
19755,81550,4.168992112333907,1,550,credit_card,60 months,0
36659,44826,15.380453105792501,6,532,credit_card,60 months,0
4756,120734,19.506682744850576,2,382,credit_card,60 months,0
21609,46630,26.0889703818189,2,424,debt_consolidation,60 months,1
17478,118762,38.02124210344814,1,474,small_business,60 months,0
36442,66163,24.026042661934234,3,368,credit_card,60 months,0
11147,118511,29.74375664706239,7,346,small_business,60 months,0
34561,86435,20.25064237980811,0,555,debt_consolidation,36 months,0
35884,31653,25.364161255053254,0,329,small_business,36 months,0
6779,47961,2.837288645350937,4,580,home_improvement,60 months,0
13298,101941,10.17566323367388,10,536,small_business,36 months,0
15153,94137,14.474123728205548,4,547,credit_card,36 months,0
11789,53662,18.899734200260543,10,667,debt_consolidation,60 months,0
13999,118818,1.8259498200953495,0,794,credit_card,36 months,0
1814,76446,5.600963902132707,5,324,home_improvement,60 months,0
11541,41288,11.07257231165223,0,789,credit_card,36 months,0
25938,142555,38.86130763604203,4,793,credit_card,60 months,0
3443,115081,13.25388028412203,8,613,credit_card,60 months,0
11457,56877,19.2816423244833,4,674,major_purchase,36 months,0
11380,131562,7.8439085095357175,5,324,home_improvement,36 months,1
8783,35313,24.431202843030732,7,633,credit_card,60 months,0
18368,100885,11.227328620638971,10,654,credit_card,60 months,0
16328,92715,8.279703137537071,0,415,credit_card,60 months,0
27215,30326,20.66290513783916,1,347,debt_consolidation,36 months,0
34595,130091,0.22023196641683285,8,398,major_purchase,36 months,0
28306,145836,0.3065613059690131,2,758,debt_consolidation,36 months,1
20915,21560,8.762752364074311,5,822,major_purchase,36 months,0
38219,99148,1.4688545000328457,4,704,credit_card,60 months,1
16343,103186,4.321030165227655,10,513,home_improvement,60 months,1
39727,46745,13.554425973550064,1,802,small_business,60 months,0
1126,51890,32.103427183192515,6,747,small_business,60 months,0
28632,40022,22.88194573477203,3,557,credit_card,36 months,0
21530,143629,20.506709038256655,0,420,debt_consolidation,60 months,0
4368,72579,11.739552928324866,3,353,home_improvement,60 months,1
4797,90316,37.270148777312656,5,630,major_purchase,36 months,0
14718,103847,15.880601649487666,6,540,credit_card,36 months,1
35560,48380,3.4837106718308597,6,829,home_improvement,60 months,0
12053,130198,24.68266064471205,6,782,home_improvement,36 months,1
23116,22356,4.553535739064056,2,486,major_purchase,60 months,1
37244,90326,13.808925712067683,5,561,home_improvement,36 months,0
37185,112447,20.296477548712353,7,663,debt_consolidation,36 months,0
2645,134994,34.96890098740703,3,790,debt_consolidation,60 months,0
20256,109899,19.741863213604745,7,730,debt_consolidation,36 months,0
36840,40049,28.09035064126657,1,538,home_improvement,60 months,1
35622,95717,39.712673559962816,9,603,debt_consolidation,36 months,0
38430,125361,5.259564795919265,8,597,major_purchase,36 months,0
3708,36082,10.98926102078078,8,375,home_improvement,36 months,0
12694,20661,15.783043023905856,7,632,small_business,36 months,0
10524,57412,16.873127141553255,9,773,home_improvement,36 months,0
32880,134015,16.44084301062183,9,582,major_purchase,60 months,0
37980,143191,36.3044401022622,0,371,small_business,36 months,0
33409,22920,28.561305778674257,1,562,home_improvement,60 months,0
14224,111194,24.31620856362815,5,311,debt_consolidation,36 months,0
26150,134306,12.374908714511283,9,440,credit_card,60 months,0
35393,80315,32.95161536885179,4,316,credit_card,36 months,0
8973,99561,38.202420459399555,8,362,debt_consolidation,60 months,0
9577,28946,32.84793130200906,4,552,credit_card,60 months,0
9070,114242,0.06260420765891617,1,764,credit_card,36 months,0
9666,65500,25.45605480733628,9,675,debt_consolidation,36 months,0
37368,124540,2.045415257684029,3,819,debt_consolidation,36 months,0
7783,36309,10.304288813348874,8,389,home_improvement,60 months,1
5971,75230,2.3809880139108675,0,474,home_improvement,60 months,0
14490,131822,24.15181811797551,10,375,debt_consolidation,36 months,1
2990,118656,27.46359653970427,0,699,major_purchase,36 months,0
6299,143782,4.579505522636205,6,370,credit_card,60 months,0
20956,50027,15.35355532179918,10,479,home_improvement,60 months,0
23359,146768,18.249460358221683,2,423,credit_card,36 months,0
38148,92541,14.762120870436664,9,680,small_business,60 months,0
29734,132340,4.841000019407722,1,592,debt_consolidation,36 months,0
5757,134846,16.757911607499018,8,494,major_purchase,36 months,0
20097,79321,30.047121912336724,2,527,small_business,36 months,0
11395,20956,2.8403065813302186,1,730,small_business,60 months,0
17241,120375,3.207200563276138,7,735,small_business,60 months,0
39356,94131,14.190851673439369,9,760,debt_consolidation,60 months,0
28696,67908,37.669028464757005,5,320,home_improvement,60 months,0
5944,98339,26.742905868916562,5,363,debt_consolidation,36 months,0
20816,145659,27.146798266902593,9,464,home_improvement,60 months,0
